{"root":[{"assemblyName":"Microsoft.MixedReality.OpenXR","nameSpace":"Microsoft.MixedReality.OpenXR","className":"AnchorSubsystem","methodName":"RegisterDescriptor","loadTypes":4,"isUnityClass":false},{"assemblyName":"Microsoft.MixedReality.OpenXR","nameSpace":"Microsoft.MixedReality.OpenXR","className":"PlaneSubsystem","methodName":"RegisterDescriptor","loadTypes":4,"isUnityClass":false},{"assemblyName":"Microsoft.MixedReality.OpenXR","nameSpace":"Microsoft.MixedReality.OpenXR","className":"RaycastSubsystem","methodName":"RegisterDescriptor","loadTypes":4,"isUnityClass":false},{"assemblyName":"Microsoft.MixedReality.OpenXR","nameSpace":"Microsoft.MixedReality.OpenXR","className":"SessionSubsystem","methodName":"RegisterDescriptor","loadTypes":4,"isUnityClass":false},{"assemblyName":"Microsoft.MixedReality.OpenXR","nameSpace":"Microsoft.MixedReality.OpenXR.ARSubsystems","className":"MarkerSubsystem","methodName":"RegisterDescriptor","loadTypes":4,"isUnityClass":false},{"assemblyName":"MixedReality.Toolkit.Accessibility","nameSpace":"MixedReality.Toolkit.Accessibility","className":"MRTKAccessibilitySubsystem","methodName":"Register","loadTypes":4,"isUnityClass":false},{"assemblyName":"MixedReality.Toolkit.Diagnostics","nameSpace":"MixedReality.Toolkit.Diagnostics","className":"MRTKPerformanceStatsSubsystem","methodName":"Register","loadTypes":4,"isUnityClass":false},{"assemblyName":"MixedReality.Toolkit.Input","nameSpace":"MixedReality.Toolkit.Input","className":"OpenXRHandsSubsystem","methodName":"Register","loadTypes":4,"isUnityClass":false},{"assemblyName":"MixedReality.Toolkit.Input","nameSpace":"MixedReality.Toolkit.Input","className":"UnityHandsSubsystem","methodName":"Register","loadTypes":4,"isUnityClass":false},{"assemblyName":"MixedReality.Toolkit.Input","nameSpace":"MixedReality.Toolkit.Input","className":"XRSDKHandsSubsystem","methodName":"Register","loadTypes":4,"isUnityClass":false},{"assemblyName":"MixedReality.Toolkit.Input","nameSpace":"MixedReality.Toolkit.Input","className":"MRTKHandsAggregatorSubsystem","methodName":"Register","loadTypes":4,"isUnityClass":false},{"assemblyName":"MixedReality.Toolkit.Input","nameSpace":"MixedReality.Toolkit.Input","className":"SyntheticHandsSubsystem","methodName":"Register","loadTypes":4,"isUnityClass":false},{"assemblyName":"MixedReality.Toolkit.Speech.Windows","nameSpace":"MixedReality.Toolkit.Speech.Windows","className":"WindowsTextToSpeechSubsystem","methodName":"Register","loadTypes":4,"isUnityClass":false},{"assemblyName":"MixedReality.Toolkit.Speech.Windows","nameSpace":"MixedReality.Toolkit.Speech.Windows","className":"WindowsDictationSubsystem","methodName":"Register","loadTypes":4,"isUnityClass":false},{"assemblyName":"MixedReality.Toolkit.Speech.Windows","nameSpace":"MixedReality.Toolkit.Speech.Windows","className":"WindowsKeywordRecognitionSubsystem","methodName":"Register","loadTypes":4,"isUnityClass":false},{"assemblyName":"Unity.Collections","nameSpace":"","className":"__JobReflectionRegistrationOutput__1652832624114795843","methodName":"EarlyInit","loadTypes":2,"isUnityClass":true},{"assemblyName":"Unity.Collections","nameSpace":"","className":"$BurstDirectCallInitializer","methodName":"Initialize","loadTypes":2,"isUnityClass":true},{"assemblyName":"Unity.InputSystem","nameSpace":"UnityEngine.InputSystem","className":"InputSystem","methodName":"RunInitializeInPlayer","loadTypes":4,"isUnityClass":true},{"assemblyName":"Unity.InputSystem","nameSpace":"UnityEngine.InputSystem","className":"InputSystem","methodName":"RunInitialUpdate","loadTypes":1,"isUnityClass":true},{"assemblyName":"Unity.InputSystem.ForUI","nameSpace":"UnityEngine.InputSystem.Plugins.InputForUI","className":"InputSystemProvider","methodName":"Bootstrap","loadTypes":4,"isUnityClass":true},{"assemblyName":"Unity.Rendering.LightTransport.Runtime","nameSpace":"","className":"__JobReflectionRegistrationOutput__16164947281921951637","methodName":"EarlyInit","loadTypes":2,"isUnityClass":true},{"assemblyName":"Unity.RenderPipelines.Core.Runtime","nameSpace":"UnityEngine.Experimental.Rendering","className":"XRSystem","methodName":"XRSystemInit","loadTypes":3,"isUnityClass":true},{"assemblyName":"Unity.RenderPipelines.Core.Runtime","nameSpace":"UnityEngine.Rendering","className":"DebugUpdater","methodName":"RuntimeInit","loadTypes":0,"isUnityClass":true},{"assemblyName":"Unity.RenderPipelines.GPUDriven.Runtime","nameSpace":"","className":"__JobReflectionRegistrationOutput__15867191014387474753","methodName":"EarlyInit","loadTypes":2,"isUnityClass":true},{"assemblyName":"Unity.VisualScripting.Core","nameSpace":"Unity.VisualScripting","className":"RuntimeVSUsageUtility","methodName":"RuntimeInitializeOnLoadBeforeSceneLoad","loadTypes":1,"isUnityClass":true},{"assemblyName":"Unity.XR.ARFoundation","nameSpace":"","className":"__JobReflectionRegistrationOutput__193165129372290554","methodName":"EarlyInit","loadTypes":2,"isUnityClass":true},{"assemblyName":"Unity.XR.Hands","nameSpace":"UnityEngine.XR.Hands","className":"MetaAimHand","methodName":"RegisterLayout","loadTypes":4,"isUnityClass":true},{"assemblyName":"Unity.XR.Hands","nameSpace":"UnityEngine.XR.Hands","className":"XRHandDevice","methodName":"Initialize","loadTypes":4,"isUnityClass":true},{"assemblyName":"Unity.XR.Hands","nameSpace":"UnityEngine.XR.Hands.OpenXR","className":"OpenXRHandProvider","methodName":"Register","loadTypes":4,"isUnityClass":true},{"assemblyName":"Unity.XR.Hands","nameSpace":"","className":"$BurstDirectCallInitializer","methodName":"Initialize","loadTypes":2,"isUnityClass":true},{"assemblyName":"Unity.XR.Interaction.Toolkit","nameSpace":"UnityEngine.XR.Interaction.Toolkit.Inputs.Simulation","className":"SimulatedInputLayoutLoader","methodName":"Initialize","loadTypes":1,"isUnityClass":true},{"assemblyName":"Unity.XR.Interaction.Toolkit","nameSpace":"UnityEngine.XR.Interaction.Toolkit.Inputs.Simulation","className":"XRDeviceSimulatorLoader","methodName":"Initialize","loadTypes":0,"isUnityClass":true},{"assemblyName":"Unity.XR.Interaction.Toolkit","nameSpace":"UnityEngine.XR.Interaction.Toolkit.Inputs.Simulation.Hands","className":"XRDeviceSimulatorHandsProvider","methodName":"Register","loadTypes":4,"isUnityClass":true},{"assemblyName":"Unity.XR.Interaction.Toolkit","nameSpace":"UnityEngine.XR.Interaction.Toolkit.Inputs.Interactions","className":"SectorInteraction","methodName":"Initialize","loadTypes":1,"isUnityClass":true},{"assemblyName":"Unity.XR.Interaction.Toolkit","nameSpace":"UnityEngine.XR.Interaction.Toolkit.Inputs.Composites","className":"Vector3FallbackComposite","methodName":"Initialize","loadTypes":1,"isUnityClass":true},{"assemblyName":"Unity.XR.Interaction.Toolkit","nameSpace":"UnityEngine.XR.Interaction.Toolkit.Inputs.Composites","className":"QuaternionFallbackComposite","methodName":"Initialize","loadTypes":1,"isUnityClass":true},{"assemblyName":"Unity.XR.Interaction.Toolkit","nameSpace":"UnityEngine.XR.Interaction.Toolkit.Inputs.Composites","className":"IntegerFallbackComposite","methodName":"Initialize","loadTypes":1,"isUnityClass":true},{"assemblyName":"Unity.XR.Interaction.Toolkit","nameSpace":"UnityEngine.XR.Interaction.Toolkit.Inputs.Composites","className":"ButtonFallbackComposite","methodName":"Initialize","loadTypes":1,"isUnityClass":true},{"assemblyName":"Unity.XR.Interaction.Toolkit","nameSpace":"UnityEngine.XR.Interaction.Toolkit.AR.Inputs","className":"TouchscreenGestureInputLayoutLoader","methodName":"Initialize","loadTypes":1,"isUnityClass":true},{"assemblyName":"Unity.XR.Interaction.Toolkit","nameSpace":"","className":"__JobReflectionRegistrationOutput__15390536067175842856","methodName":"EarlyInit","loadTypes":2,"isUnityClass":true},{"assemblyName":"Unity.XR.Interaction.Toolkit","nameSpace":"","className":"$BurstDirectCallInitializer","methodName":"Initialize","loadTypes":2,"isUnityClass":true},{"assemblyName":"Unity.XR.Management","nameSpace":"UnityEngine.XR.Management","className":"XRGeneralSettings","methodName":"AttemptInitializeXRSDKOnLoad","loadTypes":2,"isUnityClass":true},{"assemblyName":"Unity.XR.Management","nameSpace":"UnityEngine.XR.Management","className":"XRGeneralSettings","methodName":"AttemptStartXRSDKOnBeforeSplashScreen","loadTypes":3,"isUnityClass":true},{"assemblyName":"Unity.XR.Oculus","nameSpace":"Unity.XR.Oculus","className":"OculusLoader","methodName":"RuntimeLoadOVRPlugin","loadTypes":2,"isUnityClass":true},{"assemblyName":"Unity.XR.Simulation","nameSpace":"UnityEngine.XR.Simulation","className":"InputLayoutLoader","methodName":"RegisterLayouts","loadTypes":4,"isUnityClass":true},{"assemblyName":"Unity.XR.Simulation","nameSpace":"UnityEngine.XR.Simulation","className":"SimulationAnchorSubsystem","methodName":"RegisterDescriptor","loadTypes":4,"isUnityClass":true},{"assemblyName":"Unity.XR.Simulation","nameSpace":"UnityEngine.XR.Simulation","className":"SimulationEnvironmentProbeSubsystem","methodName":"RegisterDescriptor","loadTypes":4,"isUnityClass":true},{"assemblyName":"Unity.XR.Simulation","nameSpace":"UnityEngine.XR.Simulation","className":"SimulationImageTrackingSubsystem","methodName":"RegisterDescriptor","loadTypes":4,"isUnityClass":true},{"assemblyName":"Unity.XR.Simulation","nameSpace":"UnityEngine.XR.Simulation","className":"SimulationOcclusionSubsystem","methodName":"Register","loadTypes":4,"isUnityClass":true},{"assemblyName":"Unity.XR.Simulation","nameSpace":"UnityEngine.XR.Simulation","className":"SimulationPlaneSubsystem","methodName":"RegisterDescriptor","loadTypes":4,"isUnityClass":true},{"assemblyName":"Unity.XR.Simulation","nameSpace":"UnityEngine.XR.Simulation","className":"SimulationPointCloudSubsystem","methodName":"RegisterDescriptor","loadTypes":4,"isUnityClass":true},{"assemblyName":"Unity.XR.Simulation","nameSpace":"UnityEngine.XR.Simulation","className":"SimulationRaycastSubsystem","methodName":"RegisterDescriptor","loadTypes":4,"isUnityClass":true},{"assemblyName":"Unity.XR.Simulation","nameSpace":"UnityEngine.XR.Simulation","className":"SimulationCameraSubsystem","methodName":"Register","loadTypes":4,"isUnityClass":true},{"assemblyName":"Unity.XR.Simulation","nameSpace":"UnityEngine.XR.Simulation","className":"SimulationSessionSubsystem","methodName":"RegisterDescriptor","loadTypes":4,"isUnityClass":true},{"assemblyName":"Unity.XR.Simulation","nameSpace":"","className":"__JobReflectionRegistrationOutput__16106678741199027361","methodName":"EarlyInit","loadTypes":2,"isUnityClass":true}]}
